Dataset ,Bands,Units,Descritpion ,,
TOMS/MERGED,ozone,Dobson units,73*,983*,Total column ozone
JAXA/GPM_L3/GSMaP/v6/operational,hourlyPrecipRate,mm/hr,0*,204.88*,Snapshot of hourly precipitation rate
JAXA/GPM_L3/GSMaP/v6/operational,hourlyPrecipRateGC,mm/hr,0*,200.36*,Snapshot of hourly precipitation rate adjusted to rain gauge
JAXA/GPM_L3/GSMaP/v6/operational,observationTimeFlag,Hours,-124.72*,16.06*,"Relative time from the starting time of the file to the time of microwave radiometer (imager/sounder) observing. If no observation exists within the hourly window, the time will be the negative number of hours since the last observation."
JAXA/GPM_L3/GSMaP/v6/operational,gaugeQualityInfo,counts/day,0*,121*,"Existence of gauge adjustment when the status is 'provisional', 1 indicates adjusted and 0 is non-adjusted. When the status is 'permanent', the pixel value is the daily average of number of gauges used for adjustment in the pixel."
COPERNICUS/S5P/NRTI/L3_CLOUD,cloud_fraction,fraction,0*,1*,Retrieved effective radiometric cloud fraction
COPERNICUS/S5P/NRTI/L3_CLOUD,cloud_top_pressure,Pa,12109*,101299*,Retrieved atmospheric pressure at the level of cloud top
COPERNICUS/S5P/NRTI/L3_CLOUD,cloud_top_height,m,9*,15471*,Retrieved altitude of the cloud top
COPERNICUS/S5P/NRTI/L3_CLOUD,cloud_base_pressure,Pa,14169*,101299*,Cloud base pressure
COPERNICUS/S5P/NRTI/L3_CLOUD,cloud_base_height,m,9*,14545*,Cloud base height
COPERNICUS/S5P/NRTI/L3_CLOUD,cloud_optical_depth,m,1*,250*,Retrieved cloud optical depth
COPERNICUS/S5P/NRTI/L3_CLOUD,surface_albedo,,0*,1*,Surface albedo
COPERNICUS/S5P/NRTI/L3_CLOUD,sensor_azimuth_angle,degrees,-180*,180*,Azimuth angle of the satellite at the ground pixel location (WGS84); angle measured East-of-North.
COPERNICUS/S5P/NRTI/L3_CLOUD,sensor_zenith_angle,degrees,0.09*,67*,Zenith angle of the satellite at the ground pixel location (WGS84); angle measured away from the vertical.
COPERNICUS/S5P/NRTI/L3_CLOUD,solar_azimuth_angle,degrees,-180*,180*,Azimuth angle of the Sun at the ground pixel location (WGS84); angle measured East-of-North.
COPERNICUS/S5P/NRTI/L3_CLOUD,solar_zenith_angle,degrees,8*,80*,Zenith angle of the satellite at the ground pixel location (WGS84); angle measured away from the vertical.
JAXA/GCOM-C/L3/LAND/LAI/V2,LAI_AVE,none,0*,65531*,The sum of the one-sided green leaf area per unit ground area.
JAXA/GCOM-C/L3/LAND/LAI/V3,LAI_QA_flag,,,,LAI QA
COPERNICUS/S5P/NRTI/L3_SO2,SO2_column_number_density,mol/m^2,-48*,0.24*,"SO2 vertical column density at ground level, calculated using the DOAS technique."
COPERNICUS/S5P/NRTI/L3_SO2,SO2_column_number_density_amf,mol/m^2,0.1*,3.397*,Weighted mean of cloudy and clear air mass factor (amf) weighted by intensity-weighted cloud fraction.
COPERNICUS/S5P/NRTI/L3_SO2,SO2_slant_column_number_density,mol/m^2,-0.147*,0.162*,SO2 ring corrected slant column number density
COPERNICUS/S5P/NRTI/L3_SO2,cloud_fraction,fraction,0*,1*,"Effective cloud fraction. See the Sentinel 5P L2 Input/Output Data Definition Spec, p.220."
COPERNICUS/S5P/NRTI/L3_SO2,sensor_azimuth_angle,degrees,-180*,180*,Azimuth angle of the satellite at the ground pixel location (WGS84); angle measured East-of-North.
COPERNICUS/S5P/NRTI/L3_SO2,sensor_zenith_angle,degrees,0.09*,67*,Zenith angle of the satellite at the ground pixel location (WGS84); angle measured away from the vertical.
COPERNICUS/S5P/NRTI/L3_SO2,solar_azimuth_angle,degrees,-180*,180*,Azimuth angle of the Sun at the ground pixel location (WGS84); angle measured East-of-North.
COPERNICUS/S5P/NRTI/L3_SO2,solar_zenith_angle,degrees,8*,80*,Zenith angle of the satellite at the ground pixel location (WGS84); angle measured away from the vertical.
COPERNICUS/S5P/NRTI/L3_SO2,SO2_column_number_density_15km,mol/m^2,,,"SO2 vertical column density at 15km, calculated using the DOAS technique"
NCEP_RE/surface_wv,pr_wtr,kg/m^2,-8.2*,89.8*,Total column water vapor
JAXA/GCOM-C/L3/LAND/LST/V2,LST_AVE,K,0*,65531*,Temperature of land surface.
JAXA/GCOM-C/L3/LAND/LST/V2,LST_QA_flag,,,,LST QA
NOAA/CFSR,u-component_of_wind_hybrid,m/s,-47.24*,44.33*,u-component of wind at Hybrid level for 00 and 03 forecast
NOAA/CFSR,v-component_of_wind_hybrid,m/s,-45.45*,46.36*,v-component of wind at Hybrid level for 00 and 03 forecast
NOAA/CFSR,Albedo_surface_3_Hour_Average,%,0*,91.6*,Albedo 3 hour average at ground or water surface for 03 forecast
NOAA/CFSR,Canopy_water_evaporation_surface_3_Hour_Average,W/m^2,0*,746*,Canopy water evaporation 3 hour average at ground or water surface for 03 forecast
NOAA/CFSR,Categorical_Rain_surface,INT,0*,1*,Categorical Rain at ground or water surface for 00 and 03 forecast
NOAA/CFSR,Categorical_Rain_surface_3_Hour_Average,INT,0*,1*,Categorical Rain 3 hour average at ground or water surface for 03 forecast
NOAA/CFSR,Categorical_Freezing_Rain_surface_3_Hour_Average,INT,0*,1*,Categorical freezing rain 3 hour average at ground or water surface for 03 forecast
NOAA/CFSR,Categorical_Ice_Pellets_surface_3_Hour_Average,INT,0*,1*,Categorical ice pellets 3 hour average at ground or water surface for 03 forecast
NOAA/CFSR,Categorical_Snow_surface_3_Hour_Average,INT,0*,1*,Categorical snow 3 hour average at ground or water surface for 03 forecast
NOAA/CFSR,Clear_Sky_Downward_Long_Wave_Flux_surface_3_Hour_Average,W/m^2,56*,483*,Clear Sky Downward Long Wave Flux 3 hour average at ground or water surface for 03 forecast
NOAA/CFSR,Clear_Sky_Downward_Solar_Flux_surface_3_Hour_Average,W/m^2,0*,1142*,Clear Sky Downward Solar Flux 3 hour average at ground or water surface for 03 forecast
NOAA/CFSR,Clear_Sky_Upward_Long_Wave_Flux_surface_3_Hour_Average,W/m^2,78*,698*,Clear Sky Upward Long Wave Flux 3 hour average at ground or water surface for 03 forecast
NOAA/CFSR,Clear_Sky_Upward_Solar_Flux_atmosphere_top_3_Hour_Average,W/m^2,0*,767*,Clear Sky Upward Solar Flux 3 hour average at ground or water surface for 03 forecast
NOAA/CFSR,Clear_sky_UV-B_Downward_Solar_Flux_surface_3_Hour_Average,W/m^2,0*,24.77*,Clear Sky UV-B Downward Solar Flux 3 hour average at ground or water surface for 03 forecast
NOAA/CFSR,Cloud_water_entire_atmosphere_single_layer,kg/m^2,0*,19*,Cloud water at entire atmosphere layer for 00 and 03 forecast
NOAA/CFSR,Cloud_Work_Function_entire_atmosphere_single_layer_3_Hour_Average,J/kg,0*,5791*,Cloud work function 3 hour average at entire atmosphere layer for 03 forecast
NOAA/CFSR,Convective_available_potential_energy_surface,J/kg,0*,6069*,Convective available potential energy at ground or water surface for 00 and 03 forecast
NOAA/CFSR,Convective_available_potential_energy_pressure_difference_layer,J/kg,0*,5559*,Convective available potential energy at specified pressure difference from ground to level layer for 03 forecast
NOAA/CFSR,Convective_Precipitation_Rate_surface_3_Hour_Average,kg/(m^2/s),0*,0.002*,Convective precipitation rate 3 hour average at ground or water surface for 03 forecast
NOAA/CFSR,Convective_precipitation_surface_3_Hour_Accumulation,kg/m^2,0*,19.2*,Convective precipitation 3 hour average at ground or water surface for 03 forecast
NOAA/CFSR,Direct_Evaporation_from_Bare_Soil_surface_3_Hour_Average,W/m^2,0*,767*,Direct evaporation from bare soil surface 3 hour average at ground or water surface for 03 forecast
NOAA/CFSR,Downward_Long-Wave_Radp_Flux_surface,W/m^2,60*,530*,Downward Long-Wave Rad. Flux at ground or water surface for 00 and 03 forecast
NOAA/CFSR,Downward_Long-Wave_Radp_Flux_surface_3_Hour_Average,W/m^2,60*,508*,Downward Long-Wave Rad. Flux 3 hour average at ground or water surface for 03 forecast
NOAA/CFSR,Downward_Short-Wave_Radiation_Flux_surface,W/m^2,0*,1224*,Downward Short-Wave Radiation Flux at ground or water surface for 00 and 03 forecast
NOAA/CFSR,Downward_Short-Wave_Radiation_Flux_surface_3_Hour_Average,W/m^2,0*,1142*,Downward Short-Wave Radiation Flux 3 hour average at ground or water surface for 03 forecast
NOAA/CFSR,Downward_Short-Wave_Radiation_Flux_atmosphere_top_3_Hour_Average,W/m^2,0*,1382*,Downward Short-Wave Radiation Flux atmosphere top 3 hour average at ground or water surface for 03 forecast
NOAA/CFSR,Exchange_Coefficient_surface,(kg/m^3)/(m/s),0*,0.69*,Exchange Coefficient at ground or water surface for 00 and 03 forecast
NOAA/CFSR,Frictional_Velocity_surface,m/s,0.002*,3.5*,Frictional Velocity at ground or water surface for 00 and 03 forecast
NOAA/CFSR,Ground_Heat_Flux_surface,W/m^2,-459*,683*,Ground Heat Flux at ground or water surface for 00 and 03 forecast
NOAA/CFSR,Ground_Heat_Flux_surface_3_Hour_Average,W/m^2,-170*,538*,Ground Heat Flux 4 hour average at ground or water surface for 03 forecast
NOAA/CFSR,Ice_cover_surface,INT,0*,1*,Ice cover at ground or water surface for 00 and 03 forecast
NOAA/CFSR,Ice_thickness_surface,m,0*,4.76*,Ice thickness at ground or water surface for 00 and 03 forecast
NOAA/CFSR,Land_cover_0__sea_1__land_surface,INT,0*,1*,"Land cover (0 = sea, 1 = land) at ground or water surface for 00 and 03 forecast"
NOAA/CFSR,Latent_heat_net_flux_surface,W/m^2,-399*,1675*,Latent heat net flux at ground or water surface for 00 and 03 forecast
NOAA/CFSR,Latent_heat_net_flux_surface_3_Hour_Average,W/m^2,-305*,1250*,Latent heat net flux 3 hour average at ground or water surface for 03 forecast
NOAA/CFSR,Liquid_Volumetric_Soil_Moisture_non_Frozen_depth_below_surface_layer_5_cm,DOUBLE,0.03*,1*,Liquid Volumetric Soil Moisture (non Frozen) 5 cm depth below land surface layer
NOAA/CFSR,Liquid_Volumetric_Soil_Moisture_non_Frozen_depth_below_surface_layer_25_cm,DOUBLE,0.028*,1*,Liquid Volumetric Soil Moisture (non Frozen) 25 cm depth below land surface layer
NOAA/CFSR,Liquid_Volumetric_Soil_Moisture_non_Frozen_depth_below_surface_layer_70_cm,DOUBLE,0.028*,1*,Liquid Volumetric Soil Moisture (non Frozen) 50 cm depth below land surface layer
NOAA/CFSR,Liquid_Volumetric_Soil_Moisture_non_Frozen_depth_below_surface_layer_150_cm,DOUBLE,0.028*,1*,Liquid Volumetric Soil Moisture (non Frozen) 150 cm depth below land surface layer
NOAA/CFSR,Maximum_temperature_height_above_ground_3_Hour_Interval,K,201.39*,327.7*,Maximum temperature for 3 Hour Interval at specified height level above ground for 03 forecast
NOAA/CFSR,Minimum_temperature_height_above_ground_3_Hour_Interval,K,201*,321.89*,Minimum temperature for 3 Hour Interval at specified height level above ground for 03 forecast
NOAA/CFSR,Maximum_specific_humidity_at_2m_height_above_ground_3_Hour_Interval,kg/kg,0*,0.036*,Maximum specific humidity for 3 Hour Interval at 2m specified height level above ground for 03 forecast
NOAA/CFSR,Minimum_specific_humidity_at_2m_height_above_ground_3_Hour_Interval,kg/kg,0*,0.024*,Minimum specific humidity for 3 Hour Interval at 2m specified height level above ground for 03 forecast
NOAA/CFSR,Momentum_flux_u-component_surface_3_Hour_Average,N/m^2,-6.56*,8.25*,"Momentum flux, u-component 3 hour average at ground or water surface for 03 forecast"
NOAA/CFSR,Momentum_flux_v-component_surface_3_Hour_Average,N/m^2,-6.17*,7.22*,"Momentum flux, u-component 3 hour average at ground or water surface for 03 forecast"
NOAA/CFSR,Plant_Canopy_Surface_Water_surface,kg/m^2,0*,0.5*,Plant Canopy Surface Water at ground or water surface for 00 and 03 forecast
NOAA/CFSR,Planetary_Boundary_Layer_Height_surface,m,17*,6590*,Planetary Boundary Layer Height at ground or water surface for 00 and 03 forecast
NOAA/CFSR,Potential_Evaporation_Rate_surface,W/m^2,-150*,5617*,Potential Evaporation Rate at ground or water surface for 00 and 03 forecast
NOAA/CFSR,Potential_Evaporation_Rate_surface_3_Hour_Average,W/m^2,-120*,5263*,Potential Evaporation Rate 3 hour average at ground or water surface for 03 forecast
NOAA/CFSR,Precipitation_rate_surface_3_Hour_Average,kg/m^2s,0*,0.022*,Precipitable rate 3 hour average at ground or water surface for 03 forecast
NOAA/CFSR,Precipitable_water_entire_atmosphere_single_layer,kg/m^2,-0.6*,99.09*,Precipitable water at entire atmosphere layer for 00 and 03 forecast
NOAA/CFSR,Precipitable_water_pressure_difference_layer,kg/m^2,0*,7.94*,Precipitable water at specified pressure difference from ground to level layer for 00 forecast
NOAA/CFSR,Pressure_msl,Pa,92406.4*,106908*,Pressure at Mean sea level for 03 forecast
NOAA/CFSR,Pressure_reduced_to_MSL_msl,Pa,92492.8*,106668*,Pressure reduced to MSL at Mean sea level for 00 and 03 forecast
NOAA/CFSR,Pressure_surface,Pa,48110*,105600*,Pressure at ground or water surface for 00 and 03 forecast
NOAA/CFSR,Relative_humidity_entire_atmosphere_single_layer,%,0*,96*,Relative humidity at entire atmosphere layer for 00 and 03 forecast
NOAA/CFSR,Sensible_heat_net_flux_surface,W/m^2,-1582*,2500*,Sensible heat net flux at ground or water surface for 00 and 03 forecast
NOAA/CFSR,Sensible_heat_net_flux_surface_3_Hour_Average,W/m^2,-977*,1202*,Sensible heat net flux 3 hour average at ground or water surface for 03 forecast
NOAA/CFSR,Snow_Cover_surface_3_Hour_Average,%,0*,100*,Snow cover 3 hour average at ground or water surface for 03 forecast
NOAA/CFSR,Snow_depth_surface,m,0*,4.55*,Snow depth at ground or water surface for 00 and 03 forecast
NOAA/CFSR,Snow_Phase_Change_Heat_Flux_surface_3_Hour_Average,W/m^2,-405*,911*,Snow phase change hear flux 3 hour average at ground or water surface for 03 forecast
NOAA/CFSR,Soil_moisture_content_depth_below_surface_layer,kg/m^2,62.01*,2000.05*,Soil moisture content at Depth below land surface layer for 00 and 03 forecast
NOAA/CFSR,Soil_type_surface,INT,1*,9*,Soil type at ground or water surface for 00 and 03 forecast
NOAA/CFSR,Storm_Surface_Runoff_surface_3_Hour_Accumulation,kg/m^2,0*,193.12*,Strom surface runoff 3 hour accumulation at ground or water surface for 03 forecast
NOAA/CFSR,Sublimation_evaporation_from_snow_surface_3_Hour_Average,W/m^2,0*,742*,Sublimation (evaporation from snow) 3 hour average at ground or water surface for 03 forecast
NOAA/CFSR,Specific_humidity_height_above_ground,kg/kg,0.001*,0.036*,Specific humidity at Specified height level above ground for 00 forecast
NOAA/CFSR,Surface_Lifted_Index_surface,K,-15.8*,57.2*,Surface Lifted Index at ground or water surface for 00 and 03 forecast
NOAA/CFSR,Surface_roughness_surface,m,0*,2.7*,Surface roughness at ground or water surface for 00 and 03 forecast
NOAA/CFSR,Surface_Slope_Type_surface,index,1*,9*,Surface Slope Type at ground or water surface for 00 and 03 forecast
NOAA/CFSR,Temperature_depth_below_surface_layer_5_cm,K,219.127*,323.104*,Temperature 5cm depth below land surface layer for 00 and 03 forecast
NOAA/CFSR,Temperature_depth_below_surface_layer_25_cm,K,220.288*,313.299*,Temperature 25cm epth below land surface layer for 00 and 03 forecast
NOAA/CFSR,Temperature_depth_below_surface_layer_70_cm,K,218.704*,310.007*,Temperature 70 cm depth below land surface layer for 00 and 03 forecast
NOAA/CFSR,Temperature_depth_below_surface_layer_150_cm,K,218.925*,307.662*,Temperature 150cm depth below land surface layer for 00 and 03 forecast
NOAA/CFSR,Temperature_height_above_ground,K,201.17*,325.763*,Temperature at Specified height level above ground for 00 forecast
NOAA/CFSR,Temperature_surface,K,192.569*,339.173*,Temperature at ground or water surface for 00 and 03 forecast
NOAA/CFSR,Total_cloud_cover_convective_cloud,%,0*,100*,Total cloud cover at Convective cloud layer for 00 forecast
NOAA/CFSR,Total_ozone_entire_atmosphere_single_layer,DU,177*,571.4*,Total ozone at entire atmosphere layer for 00 and 03 forecast
NOAA/CFSR,Total_precipitation_surface_3_Hour_Accumulation,kg/m^2,0*,239*,Total precipitation 3 hour average at ground or water surface for 03 forecast
NOAA/CFSR,Transpiration_surface_3_Hour_Average,W/m^2,0*,680*,Transpiration surface 3 hour average at ground or water surface for 03 forecast
NOAA/CFSR,Upward_Long-Wave_Radp_Flux_surface,W/m^2,135*,611*,Upward Long-Wave Rad. Flux at ground or water surface for 00 and 03 forecast
NOAA/CFSR,Upward_Long-Wave_Radp_Flux_surface_3_Hour_Average,W/m^2,78*,703*,Upward Long-Wave Radiation Flux 3 hour average at ground or water surface for 03 forecast
NOAA/CFSR,Upward_Long-Wave_Radp_Flux_atmosphere_top_3_Hour_Average,W/m^2,69*,384*,Upward Long-Wave Radiation Flux 3 hour average at nominal top of the atmosphere for 03 forecast
NOAA/CFSR,Upward_Short-Wave_Radiation_Flux_surface,W/m^2,0*,869*,Upward Short-Wave Radiation Flux at ground or water surface for 00 and 03 forecast
NOAA/CFSR,Upward_Short-Wave_Radiation_Flux_surface_3_Hour_Average,W/m^2,0*,806*,Upward Short-Wave Radiation Flux 3 hour average at ground or water surface for 03 forecast
NOAA/CFSR,Upward_Short-Wave_Radiation_Flux_atmosphere_top_3_Hour_Average,W/m^2,0*,1049*,Upward Short-Wave Radiation Flux 3 hour average at nominal top of the atmosphere for 03 forecast
NOAA/CFSR,UV-B_Downward_Solar_Flux_surface_3_Hour_Average,W/m^2,0*,24.7*,UV-B Downward Solar Flux 3 hour average at ground or water surface for 03 forecast
NOAA/CFSR,Vegetation_surface,%,0*,99*,Vegetation at ground or water surface for 00 and 03 forecast
NOAA/CFSR,Vegetation_Type_surface,INT,1*,13*,Vegetation Type at ground or water surface for 00 and 03 forecast
NOAA/CFSR,Volumetric_Soil_Moisture_Content_depth_below_surface_layer_5_cm,fraction,0.03*,1*,Volumetric soil moisture content 5cm below surface layer for 00 and 03 forecast
NOAA/CFSR,Volumetric_Soil_Moisture_Content_depth_below_surface_layer_25_cm,fraction,0.028*,1*,Volumetric soil moisture content 25cm below surface layer for 00 and 03 forecast
NOAA/CFSR,Volumetric_Soil_Moisture_Content_depth_below_surface_layer_70_cm,fraction,0.028*,1*,Volumetric soil moisture content 70cm below surface layer for 00 and 03 forecast
NOAA/CFSR,Volumetric_Soil_Moisture_Content_depth_below_surface_layer_150_cm,fraction,0.028*,1*,Volumetric soil moisture content 150cm below surface layer for 00 and 03 forecast
NOAA/CFSR,Water_equivalent_of_accumulated_snow_depth_surface,kg/m^2,0*,458.82*,Water equivalent of accumulated snow depth at ground or water surface for 00 and 03 forecast
NOAA/CFSR,Water_runoff_surface_3_Hour_Accumulation,kg/m^2,0*,193.12*,Water runoff 3 hour accumulation at ground or water surface for 03 forecast
NOAA/GFS0P25,temperature_2m_above_ground,°C,-69.18*,52.25*,Temperature 2m above ground
NOAA/GFS0P25,specific_humidity_2m_above_ground,kg/kg,0*,0.03*,Specific humidity 2m above ground
NOAA/GFS0P25,relative_humidity_2m_above_ground,%,1*,100.05*,Relative humidity 2m above ground
NOAA/GFS0P25,u_component_of_wind_10m_above_ground,m/s,-60.73*,59.28*,U component of wind 10m above ground
NOAA/GFS0P25,v_component_of_wind_10m_above_ground,m/s,-63.78*,59.39*,V component of wind 10m above ground
NOAA/GFS0P25,total_precipitation_surface,kg/m^2,0*,626.75*,"Until 2019-11-07 06:00:00, this field represents the precipitation at surface at the forecasted time. After that date, this field holds the cumulative precipitation at surface added together from all forecasts starting from hour 0 (only for assets with forecast_hours > 0)"
NOAA/GFS0P25,precipitable_water_entire_atmosphere,kg/m^2,0*,100*,Precipitable water for entire atmosphere
NOAA/GFS0P25,total_cloud_cover_entire_atmosphere,%,0*,100*,Total cloud cover for entire atmosphere (only for assets with forecast_hours > 0)
NOAA/GFS0P25,downward_shortwave_radiation_flux,W/m^2,0*,1230*,Downward shortwave radiation flux (only for assets with forecast_hours > 0)
NOAA/CFSV2/FOR6H,Downward_Long-Wave_Radp_Flux_surface_6_Hour_Average,W/m^2,41.76*,532.67*,"Downward long-wave radiation flux at surface, 6-hour average"
NOAA/CFSV2/FOR6H,Downward_Short-Wave_Radiation_Flux_surface_6_Hour_Average,W/m^2,0*,1125.23*,"Downward short-wave radiation flux at surface, 6-hour average"
NOAA/CFSV2/FOR6H,Geopotential_height_surface,gpm,-292*,5938.65*,Geopotential height at surface
NOAA/CFSV2/FOR6H,Latent_heat_net_flux_surface_6_Hour_Average,W/m^2,-628*,2357*,"Latent heat net flux at surface, 6-hour average"
NOAA/CFSV2/FOR6H,Maximum_specific_humidity_at_2m_height_above_ground_6_Hour_Interval,kg/kg,0*,0.1*,"Maximum specific humidity 2m above ground, 6-hour interval"
NOAA/CFSV2/FOR6H,Maximum_temperature_height_above_ground_6_Hour_Interval,K,189.8*,334.89*,"Maximum temperature 2m above ground, 6-hour interval"
NOAA/CFSV2/FOR6H,Minimum_specific_humidity_at_2m_height_above_ground_6_Hour_Interval,kg/kg,0*,0.02*,"Minimum specific humidity 2m above ground, 6-hour interval"
NOAA/CFSV2/FOR6H,Minimum_temperature_height_above_ground_6_Hour_Interval,K,188.39*,324.39*,"Minimum temperature 2m above ground, 6-hour interval"
NOAA/CFSV2/FOR6H,Potential_Evaporation_Rate_surface_6_Hour_Average,W/m^2,-202*,6277*,"Potential evaporation rate at surface, 6-hour average"
NOAA/CFSV2/FOR6H,Precipitation_rate_surface_6_Hour_Average,kg/m^2/s^1,0*,0.03*,"Precipitation rate at surface, 6-hour average"
NOAA/CFSV2/FOR6H,Pressure_surface,Pa,47200*,109180*,Pressure at surface
NOAA/CFSV2/FOR6H,Sensible_heat_net_flux_surface_6_Hour_Average,W/m^2,-2295*,3112*,"Sensible heat net flux at surface, 6-hour average"
NOAA/CFSV2/FOR6H,Specific_humidity_height_above_ground,kg/kg,0*,0.06*,Specific humidity 2m above ground
NOAA/CFSV2/FOR6H,Temperature_height_above_ground,K,188.96*,328.68*,Temperature 2m above ground
NOAA/CFSV2/FOR6H,u-component_of_wind_height_above_ground,m/s,-57.2*,57.99*,U-component of wind 10m above ground
NOAA/CFSV2/FOR6H,Upward_Long-Wave_Radp_Flux_surface_6_Hour_Average,W/m^2,59*,757*,"Upward long-wave radiation flux at surface, 6-hour average"
NOAA/CFSV2/FOR6H,Upward_Short-Wave_Radiation_Flux_surface_6_Hour_Average,W/m^2,0*,812*,"Upward short-wave radiation flux at surface, 6-hour average"
NOAA/CFSV2/FOR6H,v-component_of_wind_height_above_ground,m/s,-53.09*,57.11*,V-component of wind 10m above ground
NOAA/CFSV2/FOR6H,Volumetric_Soil_Moisture_Content_depth_below_surface_layer_5_cm,fraction,0.02*,1*,Volumetric soil moisture content 5cm below surface layer
NOAA/CFSV2/FOR6H,Volumetric_Soil_Moisture_Content_depth_below_surface_layer_25_cm,fraction,0.02*,1*,Volumetric soil moisture content 25cm below surface layer
NOAA/CFSV2/FOR6H,Volumetric_Soil_Moisture_Content_depth_below_surface_layer_70_cm,fraction,0.02*,1*,Volumetric soil moisture content 70cm below surface layer
NOAA/CFSV2/FOR6H,Volumetric_Soil_Moisture_Content_depth_below_surface_layer_150_cm,fraction,0.02*,1*,Volumetric soil moisture content 150cm below surface layer
JAXA/GCOM-C/L3/OCEAN/SST/V2,SST_AVE,°C,0*,65531*,Temperature of sea surface.
JAXA/GCOM-C/L3/OCEAN/SST/V2,SST_QA_flag,,,,SST QA
JAXA/GCOM-C/L3/LAND/LST/V2,LST_AVE,K,0*,65531*,Temperature of land surface.
JAXA/GCOM-C/L3/LAND/LST/V2,LST_QA_flag,,,,LST QA
NCEP_RE/surface_wv,pr_wtr,kg/m^2,-8.2*,89.8*,Total column water vapor
ECMWF/CAMS/NRT,total_aerosol_optical_depth_at_550nm_surface,,9.6e-05*,3.58255*,Total Aerosol Optical Depth at 550nm
ECMWF/CAMS/NRT,particulate_matter_d_less_than_25_um_surface,kg m**-3,0*,7.6e-05*,Particulate matter d < 2.5 um
MODIS/MOD09GA_006_EVI,EVI,463.313 meters,,,Enhanced Vegetation Index
COPERNICUS/S5P/NRTI/L3_CO,CO_column_number_density,mol/m^2,-279*,4.64*,Vertically integrated CO column density.
COPERNICUS/S5P/NRTI/L3_CO,H2O_column_number_density,mol/m^2,-465360*,3.45844e+07*,Water vapor column.
COPERNICUS/S5P/NRTI/L3_CO,cloud_height,m,-8341*,5000*,Scattering layer height.
COPERNICUS/S5P/NRTI/L3_CO,sensor_altitude,m,828542*,856078*,Altitude of the satellite with respect to the geodetic sub-satellite point (WGS84).
COPERNICUS/S5P/NRTI/L3_CO,sensor_azimuth_angle,degrees,-180*,180*,Azimuth angle of the satellite at the ground pixel location (WGS84); angle measured East-of-North.
COPERNICUS/S5P/NRTI/L3_CO,sensor_zenith_angle,degrees,1*,66*,Zenith angle of the satellite at the ground pixel location (WGS84); angle measured away from the vertical.
COPERNICUS/S5P/NRTI/L3_CO,solar_azimuth_angle,degrees,-180*,180*,Azimuth angle of the Sun at the ground pixel location (WGS84); angle measured East-of-North.
COPERNICUS/S5P/NRTI/L3_CO,solar_zenith_angle,degrees,9*,80*,Zenith angle of the satellite at the ground pixel location (WGS84); angle measured away from the vertical.
UTOKYO/WTLAB/KBDI/v1,KBDI,0,800,,Keetch-Byram Drought Index
NASA/GLDAS/V021/NOAH/G025/T3H,Albedo_inst,%,4.99*,82.25*,Albedo
NASA/GLDAS/V021/NOAH/G025/T3H,AvgSurfT_inst,K,187.48*,1323.35*,Average surface skin temperature
NASA/GLDAS/V021/NOAH/G025/T3H,CanopInt_inst,kg/m^2,0*,0.5*,Plant canopy surface water
NASA/GLDAS/V021/NOAH/G025/T3H,ECanop_tavg,W/m^2,0*,1273.66*,Canopy water evaporation
NASA/GLDAS/V021/NOAH/G025/T3H,ESoil_tavg,W/m^2,0*,2275.63*,Direct evaporation from bare soil
NASA/GLDAS/V021/NOAH/G025/T3H,Evap_tavg,kg/m^2/s,0*,0.002*,Evapotranspiration
NASA/GLDAS/V021/NOAH/G025/T3H,LWdown_f_tavg,W/m^2,26.85*,600.9*,Downward long-wave radiation flux
NASA/GLDAS/V021/NOAH/G025/T3H,Lwnet_tavg,W/m^2,-13792.7*,196.97*,Net long-wave radiation flux
NASA/GLDAS/V021/NOAH/G025/T3H,PotEvap_tavg,W/m^2,-227.75*,18977.9*,Potential evaporation rate
NASA/GLDAS/V021/NOAH/G025/T3H,Psurf_f_inst,Pa,44063.1*,108344*,Pressure
NASA/GLDAS/V021/NOAH/G025/T3H,Qair_f_inst,kg/kg,-0.02*,0.07*,Specific humidity
NASA/GLDAS/V021/NOAH/G025/T3H,Qg_tavg,W/m^2,-552.64*,1538.41*,Heat flux
NASA/GLDAS/V021/NOAH/G025/T3H,Qh_tavg,W/m^2,-1005.15*,18190.6*,Sensible heat net flux
NASA/GLDAS/V021/NOAH/G025/T3H,Qle_tavg,W/m^2,-227.75*,5072.25*,Latent heat net flux
NASA/GLDAS/V021/NOAH/G025/T3H,Qs_acc,kg/m^2,0*,170.93*,Storm surface runoff
NASA/GLDAS/V021/NOAH/G025/T3H,Qsb_acc,kg/m^2,0*,50.6*,Baseflow-groundwater runoff
NASA/GLDAS/V021/NOAH/G025/T3H,Qsm_acc,kg/m^2,0*,42.87*,Snow melt
NASA/GLDAS/V021/NOAH/G025/T3H,Rainf_f_tavg,kg/m^2/s,0*,0.01*,Total precipitation rate
NASA/GLDAS/V021/NOAH/G025/T3H,Rainf_tavg,kg/m^2/s,0*,0.01*,Rain precipitation rate
NASA/GLDAS/V021/NOAH/G025/T3H,RootMoist_inst,kg/m^2,2*,949.6*,Root zone soil moisture
NASA/GLDAS/V021/NOAH/G025/T3H,SWE_inst,kg/m^2,0*,120787*,Snow depth water equivalent
NASA/GLDAS/V021/NOAH/G025/T3H,SWdown_f_tavg,W/m^2,-56.93*,30462.8*,Downward short-wave radiation flux
NASA/GLDAS/V021/NOAH/G025/T3H,SnowDepth_inst,m,0*,301.96*,Snow depth
NASA/GLDAS/V021/NOAH/G025/T3H,Snowf_tavg,kg/m^2/s,0*,0.009*,Snow precipitation rate
NASA/GLDAS/V021/NOAH/G025/T3H,SoilMoi0_10cm_inst,kg/m^2,1.99*,47.59*,Soil moisture
NASA/GLDAS/V021/NOAH/G025/T3H,SoilMoi10_40cm_inst,kg/m^2,5.99*,142.8*,Soil moisture
NASA/GLDAS/V021/NOAH/G025/T3H,SoilMoi40_100cm_inst,kg/m^2,11.99*,285.6*,Soil moisture
NASA/GLDAS/V021/NOAH/G025/T3H,SoilMoi100_200cm_inst,kg/m^2,20*,476*,Soil moisture
NASA/GLDAS/V021/NOAH/G025/T3H,SoilTMP0_10cm_inst,K,221.98*,377.5*,Soil temperature
NASA/GLDAS/V021/NOAH/G025/T3H,SoilTMP10_40cm_inst,K,227.43*,319.44*,Soil temperature
NASA/GLDAS/V021/NOAH/G025/T3H,SoilTMP40_100cm_inst,K,232.97*,316.2*,Soil temperature
NASA/GLDAS/V021/NOAH/G025/T3H,SoilTMP100_200cm_inst,K,238.52*,314.11*,Soil temperature
NASA/GLDAS/V021/NOAH/G025/T3H,Swnet_tavg,W/m^2,-48.96*,23741.3*,Net short wave radiation flux
NASA/GLDAS/V021/NOAH/G025/T3H,Tair_f_inst,K,206.8*,327.66*,Air temperature
NASA/GLDAS/V021/NOAH/G025/T3H,Tveg_tavg,W/m^2,0*,3455.14*,Transpiration
NASA/GLDAS/V021/NOAH/G025/T3H,Wind_f_inst,m/s,0*,57.7*,Wind speed
MODIS/MOD09GA_006_NDWI,NDWI,463.313 meters,,,Normalized Difference Water Index
MODIS/006/MYD13A2,NDVI,,,,16-day NDVI average
MODIS/006/MYD13A2,EVI,,,,16-day EVI average
MODIS/006/MYD13A2,DetailedQA,,,,VI Quality indicators
MODIS/006/MYD13A2,sur_refl_b01,,0,10000,Surface reflectance band 1 (red)
MODIS/006/MYD13A2,sur_refl_b02,,0,10000,Surface reflectance band 2 (near-infrared)
MODIS/006/MYD13A2,sur_refl_b03,,0,10000,Surface reflectance band 3 (blue)
MODIS/006/MYD13A2,sur_refl_b07,,0,10000,Surface reflectance band 7 (mid-infrared)
MODIS/006/MYD13A2,ViewZenith,Degrees,0,18000,View zenith angle of VI Pixel
MODIS/006/MYD13A2,SolarZenith,Degrees,0,18000,Sun zenith angle of VI pixel
MODIS/006/MYD13A2,RelativeAzimuth,Degrees,-18000,18000,Relative azimuth angle of VI pixel
MODIS/006/MYD13A2,DayOfYear,Julian Day,1,366,Day of year VI pixel
MODIS/006/MYD13A2,SummaryQA,,,,Quality reliability of VI pixel
MODIS/006/MCD43A2,Snow_BRDF_Albedo,,,,Snow-free or snow BRDF/albedo retrieved
MODIS/006/MCD43A2,BRDF_Albedo_Platform,,,,BRDF albedo platform information
MODIS/006/MCD43A2,BRDF_Albedo_LandWaterType,,,,Land/water type
MODIS/006/MCD43A2,BRDF_Albedo_LocalSolarNoon,Degrees,0,254,Solar zenith angle of local solar noon
MODIS/006/MCD43A2,BRDF_Albedo_ValidObs_Band1,,,,Valid observation for band 1
MODIS/006/MCD43A2,BRDF_Albedo_ValidObs_Band2,,,,Valid observation for band 2 (same bit meaning as in band 1)
MODIS/006/MCD43A2,BRDF_Albedo_ValidObs_Band3,,,,Valid observation for band 3 (same bit meaning as in band 1)
MODIS/006/MCD43A2,BRDF_Albedo_ValidObs_Band4,,,,Valid observation for band 4 (same bit meaning as in band 1)
MODIS/006/MCD43A2,BRDF_Albedo_ValidObs_Band5,,,,Valid observation for band 5 (same bit meaning as in band 1)
MODIS/006/MCD43A2,BRDF_Albedo_ValidObs_Band6,,,,Valid observation for band 6 (same bit meaning as in band 1)
MODIS/006/MCD43A2,BRDF_Albedo_ValidObs_Band7,,,,Valid observation for band 7 (same bit meaning as in band 1)
MODIS/006/MCD43A2,BRDF_Albedo_Band_Quality_Band1,,,,BRDF inversion information for band 1
MODIS/006/MCD43A2,BRDF_Albedo_Band_Quality_Band2,,,,BRDF inversion information for band 2
MODIS/006/MCD43A2,BRDF_Albedo_Band_Quality_Band3,,,,BRDF inversion information for band 3
MODIS/006/MCD43A2,BRDF_Albedo_Band_Quality_Band4,,,,BRDF inversion information for band 4
MODIS/006/MCD43A2,BRDF_Albedo_Band_Quality_Band5,,,,BRDF inversion information for band 5
MODIS/006/MCD43A2,BRDF_Albedo_Band_Quality_Band6,,,,BRDF inversion information for band 6
MODIS/006/MCD43A2,BRDF_Albedo_Band_Quality_Band7,,,,BRDF inversion information for band 7
MODIS/006/MCD43A2,BRDF_Albedo_Uncertainty,,0,32766,BRDF inversion information
COPERNICUS/S3/OLCI,Oa01_radiance,W m^-2 sr^-1 ?m^-1,0.0139465,400nm/15nm,"Aerosol correction, improved water constituent retrieval"
COPERNICUS/S3/OLCI,Oa02_radiance,W m^-2 sr^-1 ?m^-1,0.0133873,412.5nm/10nm,Yellow substance and detrital pigments (turbidity)
COPERNICUS/S3/OLCI,Oa03_radiance,W m^-2 sr^-1 ?m^-1,0.0121481,442.5nm/10nm,"Chl absorption max., biogeochemistry, vegetation"
COPERNICUS/S3/OLCI,Oa04_radiance,W m^-2 sr^-1 ?m^-1,0.0115198,490nm/10nm,"High Chl, other pigments"
COPERNICUS/S3/OLCI,Oa05_radiance,W m^-2 sr^-1 ?m^-1,0.0100953,510nm/10nm,"Chl, sediment, turbidity, red tide"
COPERNICUS/S3/OLCI,Oa06_radiance,W m^-2 sr^-1 ?m^-1,0.0123538,560nm/10nm,Chlorophyll reference (Chl minimum)
COPERNICUS/S3/OLCI,Oa07_radiance,W m^-2 sr^-1 ?m^-1,0.00879161,620nm/10nm,Sediment loading
COPERNICUS/S3/OLCI,Oa08_radiance,W m^-2 sr^-1 ?m^-1,0.00876539,665nm/10nm,"Chl (2^nd Chl abs. max.), sediment, yellow substance/vegetation"
COPERNICUS/S3/OLCI,Oa09_radiance,W m^-2 sr^-1 ?m^-1,0.0095103,673.75nm/7.5nm,For improved fluorescence retrieval and to better account for smile together with the bands 665 and 680nm
COPERNICUS/S3/OLCI,Oa10_radiance,W m^-2 sr^-1 ?m^-1,0.00773378,681.25nm/7.5nm,"Chl fluorescence peak, red edge"
COPERNICUS/S3/OLCI,Oa11_radiance,W m^-2 sr^-1 ?m^-1,0.00675523,708.75nm/10nm,"Chl fluorescence baseline, red edge transition"
COPERNICUS/S3/OLCI,Oa12_radiance,W m^-2 sr^-1 ?m^-1,0.0071996,753.75nm/7.5nm,"O2 absorption/clouds, vegetation"
COPERNICUS/S3/OLCI,Oa13_radiance,W m^-2 sr^-1 ?m^-1,0.00749684,761.25nm/7.5nm,O2 absorption band/aerosol correction
COPERNICUS/S3/OLCI,Oa14_radiance,W m^-2 sr^-1 ?m^-1,0.0086512,764.375nm/3.75nm,Atmospheric correction
COPERNICUS/S3/OLCI,Oa15_radiance,W m^-2 sr^-1 ?m^-1,0.00526779,767.5nm/2.5nm,"O2A used for cloud top pressure, fluorescence over land"
COPERNICUS/S3/OLCI,Oa16_radiance,W m^-2 sr^-1 ?m^-1,0.00530267,778.75nm/15nm,Atmospheric correction/aerosol correction
COPERNICUS/S3/OLCI,Oa17_radiance,W m^-2 sr^-1 ?m^-1,0.00493004,865nm/20nm,"Atmospheric correction/aerosol correction, clouds, pixel co-registration"
COPERNICUS/S3/OLCI,Oa18_radiance,W m^-2 sr^-1 ?m^-1,0.00549962,885nm/10nm,Water vapour absorption reference band. Common reference band with SLSTR instrument. Vegetation monitoring
COPERNICUS/S3/OLCI,Oa19_radiance,W m^-2 sr^-1 ?m^-1,0.00502847,900nm/10nm,Water vapour absorption/vegetation monitoring (max. reflectance)
COPERNICUS/S3/OLCI,Oa20_radiance,W m^-2 sr^-1 ?m^-1,0.00326378,940nm/20nm,"Water vapour absorption, atmospheric/aerosol correction"
COPERNICUS/S3/OLCI,Oa21_radiance,W m^-2 sr^-1 ?m^-1,0.00324118,1029nm/40nm,Atmospheric/aerosol correction
COPERNICUS/S3/OLCI,quality_flags,,,,Quality flags
MODIS/006/MCD43A4,Nadir_Reflectance_Band1,0,32766,0.0001,NBAR at local solar noon for band 1
MODIS/006/MCD43A4,Nadir_Reflectance_Band2,0,32766,0.0001,NBAR at local solar noon for band 2
MODIS/006/MCD43A4,Nadir_Reflectance_Band3,0,32766,0.0001,NBAR at local solar noon for band 3
MODIS/006/MCD43A4,Nadir_Reflectance_Band4,0,32766,0.0001,NBAR at local solar noon for band 4
MODIS/006/MCD43A4,Nadir_Reflectance_Band5,0,32766,0.0001,NBAR at local solar noon for band 5
MODIS/006/MCD43A4,Nadir_Reflectance_Band6,0,32766,0.0001,NBAR at local solar noon for band 6
MODIS/006/MCD43A4,Nadir_Reflectance_Band7,0,32766,0.0001,NBAR at local solar noon for band 7
MODIS/006/MCD43A4,BRDF_Albedo_Band_Mandatory_Quality_Band1,,,,BRDF albedo mandatory quality for band 1
NOAA/CDR/PATMOSX/V53,cld_emiss_acha,,-127*,127*,"Cloud emissivity at 11?m, determined from ACHA (CDR variable)"
NOAA/CDR/PATMOSX/V53,cld_height_acha,km,-32767*,32767*,Cloud height computed using ACHA
NOAA/CDR/PATMOSX/V53,cld_height_uncer_acha,km,-127*,127*,Cloud height uncertainty computed using ACHA
NOAA/CDR/PATMOSX/V53,cld_opd_acha,,-127*,127*,"Cloud optical depth at 0.65?m, determined from ACHA"
NOAA/CDR/PATMOSX/V53,cld_opd_dcomp,,-32685*,32149*,"Cloud optical depth at 0.65?m, determined from DCOMP (CDR variable)"
NOAA/CDR/PATMOSX/V53,cld_opd_dcomp_unc,,-32685*,-32276*,"Uncertainty in the cloud optical depth at 0.65?m, determined from DCOMP"
NOAA/CDR/PATMOSX/V53,cld_press_acha,hPa,-32767*,32767*,Cloud-top pressure computed using ACHA
NOAA/CDR/PATMOSX/V53,cld_reff_acha,?m,-127*,127*,Effective radius of cloud particles determined from ACHA
NOAA/CDR/PATMOSX/V53,cld_reff_dcomp,?m,-32767*,32767*,Effective radius of cloud particles determined from DCOMP (CDR variable)
NOAA/CDR/PATMOSX/V53,cld_reff_dcomp_unc,?m,-32767*,-32357*,Uncertainty in the effective radius of cloud particle determined from DCOMP
NOAA/CDR/PATMOSX/V53,cld_temp_acha,K,-32767*,32767*,Cloud-top temperature computed using ACHA (CDR variable)
NOAA/CDR/PATMOSX/V53,cloud_fraction,,-127*,127*,Cloud fraction computed over a 3x3 pixel array at the native resolution centered on this pixel
NOAA/CDR/PATMOSX/V53,cloud_fraction_uncertainty,,-127*,0*,Cloud fraction uncertainty computed over a 3x3 array
NOAA/CDR/PATMOSX/V53,cloud_probability,,-127*,127*,Probability of a pixel being cloudy from the Bayesian cloud mask
NOAA/CDR/PATMOSX/V53,cloud_transmission_0_65um,,-127*,127*,Cloud transmission at 0.65?m from DCOMP
NOAA/CDR/PATMOSX/V53,cloud_type,,,,Integer classification of the cloud type including clear and aerosol type
NOAA/CDR/PATMOSX/V53,cloud_water_path,g/m^2,-127*,127*,Integrated total cloud water over whole column
NOAA/CDR/PATMOSX/V53,land_class,,,,Land classes
NOAA/CDR/PATMOSX/V53,refl_0_65um,,-32767*,32767*,Top of atmosphere reflectance 0.65?m (CDR variable)
NOAA/CDR/PATMOSX/V53,refl_0_65um_counts,,-21*,1017*,Instrument counts for the 0.65?m channel
NOAA/CDR/PATMOSX/V53,refl_0_65um_stddev_3x3,,-127*,127*,Standard deviation of the 0.63?m reflectance computed over a 3x3 pixel array
NOAA/CDR/PATMOSX/V53,refl_0_86um,,-32767*,32767*,Top of atmosphere reflectance at 0.86?m (CDR variable)
NOAA/CDR/PATMOSX/V53,refl_0_86um_counts,,-21*,1016*,Instrument counts for the 0.86?m channel
NOAA/CDR/PATMOSX/V53,refl_1_60um,,-32767*,32767*,Top of atmosphere reflectance at 1.60?m (CDR variable)
NOAA/CDR/PATMOSX/V53,refl_1_60um_counts,,-12*,1629*,Instrument counts for the 1.60?m channel
NOAA/CDR/PATMOSX/V53,refl_3_75um,,-32767*,32767*,Top of atmosphere reflectance at 3.75?m (CDR variable)
NOAA/CDR/PATMOSX/V53,relative_azimuth_angle,Degrees,-127*,127*,Sun-sensor relative azimuth angle; 0 is the principal plane looking towards sun
NOAA/CDR/PATMOSX/V53,scan_element_number,,-999*,409*,Scan element index of the pixel chosen for inclusion in level-2b
NOAA/CDR/PATMOSX/V53,scan_line_number,,-999*,13835*,Scan line number
NOAA/CDR/PATMOSX/V53,scan_line_time,Hours,0*,23.99*,Scan line time
NOAA/CDR/PATMOSX/V53,sensor_zenith_angle,Degrees,-127*,68*,Sensor zenith for each pixel measured in degrees from nadir
NOAA/CDR/PATMOSX/V53,snow_class,,,,Snow classes and values
NOAA/CDR/PATMOSX/V53,solar_azimuth_angle,Degrees,-127*,127*,"Solar azimuth angle in degrees from north, pixel to sun, positive values are clockwise from north"
NOAA/CDR/PATMOSX/V53,solar_zenith_angle,Degrees,-101*,101*,Solar zenith for each pixel measured in degrees away from the sun (0=looking at sun)
NOAA/CDR/PATMOSX/V53,surface_temperature_retrieved,Kelvin,-127*,127*,Surface temperature retrieved using atmospherically corrected 11?m radiance
NOAA/CDR/PATMOSX/V53,surface_type,,,,UMD surface type
NOAA/CDR/PATMOSX/V53,temp_11_0um,Kelvin,-32767*,32767*,Top of atmosphere brightness temperature at 11.0?m (CDR variable)
NOAA/CDR/PATMOSX/V53,temp_11_0um_clear_sky,Kelvin,-30853*,32767*,Top of atmosphere brightness temperature modeled assuming clear skies at 11.0?m
NOAA/CDR/PATMOSX/V53,temp_11_0um_stddev_3x3,Kelvin,-127*,127*,Standard deviation of the 11.0?m brightness temperature computed over a 3x3 pixel array
NOAA/CDR/PATMOSX/V53,temp_12_0um,Kelvin,-32767*,32767*,Top of atmosphere brightness temperature 12.0?m (CDR variable)
NOAA/CDR/PATMOSX/V53,temp_3_75um,Kelvin,-32767*,32767*,Top of atmosphere brightness temperature 3.75?m (CDR variable)
NOAA/CDR/PATMOSX/V53,acha_info,,,,ACHA processing information bit flags
NOAA/CDR/PATMOSX/V53,bad_pixel_mask,,,,Mask that distinguishes good from bad pixels
NOAA/CDR/PATMOSX/V53,cloud_mask,,,,
NOAA/CDR/PATMOSX/V53,dcomp_info,,,,
NOAA/CDR/PATMOSX/V53,dcomp_quality,,,,
NOAA/CDR/PATMOSX/V53,glint_mask,,,,
WCMC/WDPA/current/points,WDPA: World Database on Protected Areas (points),FeatureCollection,,,
WCMC/WDPA/current/polygons,WDPA: World Database on Protected Areas (polygons) ,FeatureCollection,,,
MODIS/006/MOD11A2,LST_Day_1km,Kelvin,7500,65535,Day land surface temperature
MODIS/006/MOD11A2,QC_Day,,,,Daytime LST quality indicators
MODIS/006/MOD11A2,Day_view_time,Hours,0,240,Local time of day observation
MODIS/006/MOD11A2,Day_view_angl,Degrees,0,130,View zenith angle of day observation
MODIS/006/MOD11A2,LST_Night_1km,Kelvin,7500,65635,Night land surface temperature
MODIS/006/MOD11A2,QC_Night,,,,Nighttime LST quality indicators
MODIS/006/MOD11A2,Night_view_time,Hours,0,240,Local time of night observation
MODIS/006/MOD11A2,Night_view_angl,Degrees,0,130,View zenith angle of night observation
MODIS/006/MOD11A2,Emis_31,,1,255,Band 31 emissivity
MODIS/006/MOD11A2,Emis_32,,1,255,Band 32 emissivity
MODIS/006/MOD11A2,Clear_sky_days,,,,Days in clear-sky conditions
MODIS/006/MOD11A2,Clear_sky_nights,,,,Nights in clear-sky conditions
COPERNICUS/S2_SR,B1,,,,Aerosols
COPERNICUS/S2_SR,B2,,,,Blue
COPERNICUS/S2_SR,B3,,,,Green
COPERNICUS/S2_SR,B4,,,,Red
COPERNICUS/S2_SR,B5,,,,Red Edge 1
COPERNICUS/S2_SR,B6,,,,Red Edge 2
COPERNICUS/S2_SR,B7,,,,Red Edge 3
COPERNICUS/S2_SR,B8,,,,NIR
COPERNICUS/S2_SR,B8A,,,,Red Edge 4
COPERNICUS/S2_SR,B9,,,,Water vapor
COPERNICUS/S2_SR,B11,,,,SWIR 1
COPERNICUS/S2_SR,B12,,,,SWIR 2
COPERNICUS/S2_SR,AOT,,,,Aerosol Optical Thickness
COPERNICUS/S2_SR,WVP,cm,,,Water Vapor Pressure. The height the water would occupy if the vapor were condensed into liquid and spread evenly across the column.
COPERNICUS/S2_SR,SCL,,1,11,"Scene Classification Map (The ""No Data"" value of 0 is masked out)"
COPERNICUS/S2_SR,TCI_R,,,,"True Color Image, Red channel"
COPERNICUS/S2_SR,TCI_G,,,,"True Color Image, Green channel"
COPERNICUS/S2_SR,TCI_B,,,,"True Color Image, Blue channel"
COPERNICUS/S2_SR,MSK_CLDPRB,,0,100,Cloud Probability Map (missing in some products)
COPERNICUS/S2_SR,MSK_SNWPRB,,0,100,Snow Probability Map (missing in some products)
COPERNICUS/S2_SR,QA10,,,,Always empty
COPERNICUS/S2_SR,QA20,,,,Always empty
COPERNICUS/S2_SR,QA60,,,,Cloud mask
MODIS/006/MCD43A3,Albedo_BSA_Band1,0,32766,0.001,Black-sky albedo for band 1
MODIS/006/MCD43A3,Albedo_BSA_Band2,0,32766,0.001,Black-sky albedo for band 2
MODIS/006/MCD43A3,Albedo_BSA_Band3,0,32766,0.001,Black-sky albedo for band 3
MODIS/006/MCD43A3,Albedo_BSA_Band4,0,32766,0.001,Black-sky albedo for band 4
MODIS/006/MCD43A3,Albedo_BSA_Band5,0,32766,0.001,Black-sky albedo for band 5
MODIS/006/MCD43A3,Albedo_BSA_Band6,0,32766,0.001,Black-sky albedo for band 6
MODIS/006/MCD43A3,Albedo_BSA_Band7,0,32766,0.001,Black-sky albedo for band 7
MODIS/006/MCD43A3,Albedo_BSA_vis,0,32766,0.001,Black-sky albedo for visible brodband
MODIS/006/MCD43A3,Albedo_BSA_nir,0,32766,0.001,Black-sky albedo for NIR broadband
MODIS/006/MCD43A3,Albedo_BSA_shortwave,0,32766,0.001,Black-sky albedo for shortwave broadband
MODIS/006/MCD43A3,Albedo_WSA_Band1,0,32766,0.001,White-sky albedo for band 1
MODIS/006/MCD43A3,Albedo_WSA_Band2,0,32766,0.001,White-sky albedo for band 2
MODIS/006/MCD43A3,Albedo_WSA_Band3,0,32766,0.001,White-sky albedo for band 3
MODIS/006/MCD43A3,Albedo_WSA_Band4,0,32766,0.001,White-sky albedo for band 4
MODIS/006/MCD43A3,Albedo_WSA_Band5,0,32766,0.001,White-sky albedo for band 5
MODIS/006/MCD43A3,Albedo_WSA_Band6,0,32766,0.001,White-sky albedo for band 6
MODIS/006/MCD43A3,Albedo_WSA_Band7,0,32766,0.001,White-sky albedo for band 7
MODIS/006/MCD43A3,Albedo_WSA_vis,0,32766,0.001,White-sky albedo for visible broadband
MODIS/006/MCD43A3,Albedo_WSA_nir,0,32766,0.001,White-sky albedo for NIR broadband
MODIS/006/MCD43A3,Albedo_WSA_shortwave,0,32766,0.001,White-sky albedo for shortwave broadband
MODIS/006/MCD43A3,BRDF_Albedo_Band_Mandatory_Quality_Band1,,,,BRDF albedo mandatory quality for band 1
MODIS/006/MCD43A3,BRDF_Albedo_Band_Mandatory_Quality_Band2,,,,BRDF albedo mandatory quality for band 2
MODIS/006/MCD43A3,BRDF_Albedo_Band_Mandatory_Quality_Band3,,,,BRDF albedo mandatory quality for band 3
MODIS/006/MCD43A3,BRDF_Albedo_Band_Mandatory_Quality_Band4,,,,BRDF albedo mandatory quality for band 4
MODIS/006/MCD43A3,BRDF_Albedo_Band_Mandatory_Quality_Band5,,,,BRDF albedo mandatory quality for band 5
MODIS/006/MCD43A3,BRDF_Albedo_Band_Mandatory_Quality_Band6,,,,BRDF albedo mandatory quality for band 6
MODIS/006/MCD43A3,BRDF_Albedo_Band_Mandatory_Quality_Band7,,,,BRDF albedo mandatory quality for band 7
MODIS/006/MCD43A3,BRDF_Albedo_Band_Mandatory_Quality_vis,,,,BRDF albedo mandatory quality for visible broadband
MODIS/006/MCD43A3,BRDF_Albedo_Band_Mandatory_Quality_nir,,,,BRDF albedo mandatory quality for NIR broadband
MODIS/006/MCD43A3,BRDF_Albedo_Band_Mandatory_Quality_shortwave,,,,BRDF albedo mandatory quality for shortwave broadband
